"Bird.ID","FirstFound","LastPresent","LastChecked","Fate","Freq","YearDay","Study.Area","Location","Trans.Type","Sex","TurkAge","Weight","Hematoma","Pat.Tag","HandTime","MG","LPDV","REV","mtCDy","avgmtWk","pcpCDy","avgpcpWk","BodyCon","Year","SexTT"
141,1,30,30,0,1,0.66550672811815,"S","Buckfield","Neck","M","J",0.695471382727668,"0","N",0.991215046827085,0.603055518329908,-1.40710194105557,1.76655000629226,-0.470871530521474,0.941614926553101,-0.381117232698385,-0.718774490427155,1.36877476875443,"2020","M.N"
142,1,30,30,0,1,0.66550672811815,"S","Buckfield","Neck","M","J",0.695471382727668,"0","N",0.991215046827085,0.603055518329908,-1.40710194105557,1.76655000629226,-0.470871530521474,0.941614926553101,-0.381117232698385,-0.718774490427155,0.0626375504368601,"2020","M.N"
144,1,30,30,0,1,0.66550672811815,"S","Buckfield","Neck","M","A",2.2879486397057,"1","N",0.991215046827085,0,0.70781491580371,-0.563792555199657,-0.470871530521474,0.941614926553101,-0.381117232698385,-0.718774490427155,1.57141401269393,"2020","M.N"
147,1,30,30,0,1,0.66550672811815,"S","Buckfield","Neck","M","A",2.72226061888152,"1","N",0.991215046827085,-1.64835175010175,-1.40710194105557,1.76655000629226,-0.470871530521474,0.941614926553101,-0.381117232698385,-0.718774490427155,2.23114272291769,"2020","M.N"
148,1,30,30,0,1,0.66550672811815,"S","Buckfield","Neck","M","A",1.99840732025515,"0","N",0.991215046827085,-1.64835175010175,0.70781491580371,1.76655000629226,-0.470871530521474,0.941614926553101,-0.381117232698385,-0.718774490427155,0.413219402470083,"2020","M.N"
155,1,30,30,0,1,0.113312569450016,"NC","Newburgh","Neck","M","A",2.57748995915625,"0","N",-0.0247142608729025,-1.64835175010175,-1.40710194105557,1.76655000629226,-0.685046158099437,-1.14372270319022,3.8315296973922,-0.496970813605702,0.899787127259125,"2020","M.N"
251,1,30,30,0,1,0.0212802096719933,"NE","Madden","Back","F","A",-0.231060839514095,"0","Y",0.0227544580956614,0.603055518329908,0.70781491580371,-0.563792555199657,-0.248061827766589,0.378693470503859,-0.381117232698385,0.0150151111064491,-0.241415138166672,"2018","F.B"
254,1,30,30,0,1,1.44778178623134,"NW","Bradford","Back","F","J",-0.897005874250363,"1","N",1.27874220938368,0.603055518329908,0.70781491580371,-0.563792555199657,-0.430455372797997,0.492554696010737,-0.381117232698385,-1.09856546604154,0.182860459583615,"2018","F.B"
256,1,30,30,0,1,1.44778178623134,"NW","Bradford","Back","F","J",-0.969391204113001,"1","N",1.60460632694783,0.603055518329908,-1.40710194105557,-0.563792555199657,-0.430455372797997,0.492554696010737,-0.381117232698385,-1.09856546604154,-0.253628630033072,"2018","F.B"
258,1,30,30,0,1,1.44778178623134,"NW","Bradford","Back","F","J",-1.04177653397564,"1","N",0.607845496751618,0.603055518329908,-1.40710194105557,-0.563792555199657,-0.430455372797997,0.492554696010737,-0.381117232698385,-1.09856546604154,0.289485194088417,"2018","F.B"
259,1,27,30,1,1,0.113312569450016,"NW","Sanborn","Back","F","A",-0.173152575623985,"0","Y",0.0227544580956614,0.603055518329908,0.70781491580371,-0.563792555199657,-0.579114218210045,0.586829055685262,-0.308324769695669,-0.743999764394158,-0.283860133632915,"2018","F.B"
260,1,30,30,0,1,1.44778178623134,"NW","Bradford","Back","F","J",-0.752235214525087,"0","N",3.52145407732517,-1.64835175010175,0.70781491580371,-0.563792555199657,-0.430455372797997,0.492554696010737,-0.381117232698385,-1.09856546604154,0.663997473321717,"2018","F.B"
261,1,30,30,0,1,1.44778178623134,"NW","Bradford","Back","F","A",-0.607464554799812,"0","N",1.75795414697802,0.603055518329908,0.70781491580371,-0.563792555199657,-0.430455372797997,0.492554696010737,-0.381117232698385,-1.09856546604154,-0.614083513410015,"2018","F.B"
265,1,30,30,0,1,1.44778178623134,"NW","Bradford","Back","F","A",-0.317923235349261,"1","N",-0.254735990918183,0.603055518329908,0.70781491580371,-0.563792555199657,-0.430455372797997,0.492554696010737,-0.381117232698385,-1.09856546604154,-0.174264373260837,"2018","F.B"
266,1,30,30,0,1,0.113312569450016,"NW","Sanborn","Back","F","A",-0.752235214525087,"0","Y",0.0227544580956614,0.603055518329908,0.70781491580371,-0.563792555199657,-0.579114218210045,0.586829055685262,-0.308324769695669,-0.743999764394158,-0.902270970267759,"2018","F.B"
272,1,30,30,0,1,0.113312569450016,"NW","Sanborn","Back","F","A",-0.317923235349261,"0","Y",0.0227544580956614,0,0.70781491580371,-0.563792555199657,-0.579114218210045,0.586829055685262,-0.308324769695669,-0.743999764394158,-0.634383425539262,"2018","F.B"
275,1,30,30,0,1,0.113312569450016,"NW","Sanborn","Back","F","A",-0.173152575623985,"0","Y",0.0227544580956614,0.603055518329908,0.70781491580371,-0.563792555199657,-0.579114218210045,0.586829055685262,-0.308324769695669,-0.743999764394158,-0.283860133632915,"2018","F.B"
280,1,30,30,0,1,0.113312569450016,"NW","Sanborn","Back","F","A",0.0440034139639278,"0","Y",0.0227544580956614,0.603055518329908,0.70781491580371,-0.563792555199657,-0.579114218210045,0.586829055685262,-0.308324769695669,-0.743999764394158,-0.607064387679816,"2018","F.B"
281,1,30,30,0,1,0.113312569450016,"NW","Sanborn","Back","F","A",-0.462693895074536,"0","Y",0.0227544580956614,0,0,0,-0.579114218210045,0.586829055685262,-0.308324769695669,-0.743999764394158,-0.397144969202705,"2018","F.B"
283,1,30,30,0,1,1.44778178623134,"NW","Bradford","Back","F","J",-1.04177653397564,"0","N",0.991215046827085,0.603055518329908,-1.40710194105557,-0.563792555199657,-0.430455372797997,0.492554696010737,-0.381117232698385,-1.09856546604154,-0.0370491104909745,"2018","F.B"
284,1,4,11,1,1,0.113312569450016,"NW","Sanborn","Back","F","A",-0.173152575623985,"0","Y",0.0227544580956614,0,0,0,-0.579114218210045,0.586829055685262,-0.308324769695669,-0.743999764394158,-1.06754246462345,"2018","F.B"
286,1,30,30,0,1,0.803555267785183,"NE","Horseback","Back","F","A",0.550700723002392,"1","Y",-1.19399138860308,0.603055518329908,0.70781491580371,-0.563792555199657,1.71009733316613,1.56980461639028,-0.381117232698385,0.618038892410032,0.947838176089344,"2018","F.B"
351,1,1,19,1,1,1.58583032589837,"S","Rust Farm","Back","F","A",-0.02838191589871,"0","N",-1.99906744376156,0.603055518329908,0.70781491580371,-0.563792555199657,1.23635307648676,1.40605088431063,-0.226682211304903,-1.16625098642889,1.24546502813003,"2018","F.B"
352,1,30,30,0,1,0.0672963895610045,"S","Mosher Corner (Gray)","Back","F","A",-0.462693895074536,"0","Y",0.0227544580956614,0.603055518329908,0.70781491580371,-0.563792555199657,0.423294862876366,1.16596463807838,3.54174569894754,-0.131790263256366,-0.72378172294993,"2018","F.B"
354,1,30,30,0,1,0.29737728900606,"NE","Bradbury","Back","F","A",-0.607464554799812,"0","Y",0.0227544580956614,0.603055518329908,0.70781491580371,-0.563792555199657,0.0479333376246207,1.04668838663235,-0.381117232698385,-0.8349573749725,1.27725422395453,"2018","F.B"
355,1,30,30,0,1,0.29737728900606,"NE","Bradbury","Back","F","A",-0.607464554799812,"0","Y",0.0227544580956614,0.603055518329908,-1.40710194105557,-0.563792555199657,0.0479333376246207,1.04668838663235,-0.381117232698385,-0.8349573749725,0.36295817113223,"2018","F.B"
356,1,30,30,0,1,0.29737728900606,"NE","Bradbury","Back","F","A",-0.173152575623985,"0","Y",0.0227544580956614,-1.64835175010175,0.70781491580371,-0.563792555199657,0.0479333376246207,1.04668838663235,-0.381117232698385,-0.8349573749725,0.369618272197214,"2018","F.B"
357,1,1,7,1,1,0.29737728900606,"NE","Bradbury","Back","F","A",-0.317923235349261,"0","Y",0.0227544580956614,0.603055518329908,0.70781491580371,-0.563792555199657,0.0479333376246207,1.04668838663235,-0.381117232698385,-0.8349573749725,0.0844018412067471,"2018","F.B"
358,1,30,30,0,1,0.29737728900606,"NE","Bradbury","Back","F","A",-0.607464554799812,"0","Y",0.0227544580956614,0.603055518329908,0.70781491580371,-0.563792555199657,0.0479333376246207,1.04668838663235,-0.381117232698385,-0.8349573749725,0.232344449300474,"2018","F.B"
359,1,30,30,0,1,0.29737728900606,"NE","Bradbury","Back","F","A",-0.317923235349261,"0","Y",0.0227544580956614,0.603055518329908,0.70781491580371,-0.563792555199657,0.0479333376246207,1.04668838663235,-0.381117232698385,-0.8349573749725,-0.176825602456765,"2018","F.B"
360,1,30,30,0,1,0.29737728900606,"NE","Bradbury","Back","F","A",-0.897005874250363,"0","Y",0.0227544580956614,0.603055518329908,0.70781491580371,-0.563792555199657,0.0479333376246207,1.04668838663235,-0.381117232698385,-0.8349573749725,-0.33808841268046,"2018","F.B"
361,1,30,30,0,1,0.29737728900606,"NE","Bradbury","Back","F","A",-0.462693895074536,"0","Y",0.0227544580956614,0.603055518329908,0.70781491580371,-0.563792555199657,0.0479333376246207,1.04668838663235,-0.381117232698385,-0.8349573749725,-0.592655755278989,"2018","F.B"
362,1,30,30,0,1,0.29737728900606,"NE","Bradbury","Back","F","A",-0.173152575623985,"0","Y",0.0227544580956614,0.603055518329908,0.70781491580371,-0.563792555199657,0.0479333376246207,1.04668838663235,-0.381117232698385,-0.8349573749725,-0.609984641540961,"2018","F.B"
363,1,1,7,1,1,0.29737728900606,"NE","Bradbury","Back","F","A",-1.33131785342619,"0","Y",0.0227544580956614,0.603055518329908,0.70781491580371,-0.563792555199657,0.0479333376246207,1.04668838663235,-0.381117232698385,-0.8349573749725,-0.605975957408962,"2018","F.B"
364,1,1,19,1,1,1.58583032589837,"S","Rust Farm","Back","F","A",0.405930063277117,"0","N",-1.80738266872382,0.603055518329908,0.70781491580371,-0.563792555199657,1.23635307648676,1.40605088431063,-0.226682211304903,-1.16625098642889,0.468442798204473,"2018","F.B"
365,1,30,30,0,1,1.58583032589837,"S","Rust Farm","Back","F","A",-0.317923235349261,"0","N",-1.67320332619741,0.603055518329908,-1.40710194105557,-0.563792555199657,1.23635307648676,1.40605088431063,-0.226682211304903,-1.16625098642889,0.479111583401457,"2018","F.B"
366,1,30,30,0,1,1.58583032589837,"S","Rust Farm","Back","F","A",-0.462693895074536,"0","N",-1.40484464114458,0.603055518329908,0.70781491580371,-0.563792555199657,1.23635307648676,1.40605088431063,-0.226682211304903,-1.16625098642889,-0.524480317663671,"2018","F.B"
367,1,1,19,1,1,1.58583032589837,"S","Rust Farm","Back","F","A",0.116388743826566,"0","N",-1.27066529861817,0.603055518329908,0.70781491580371,-0.563792555199657,1.23635307648676,1.40605088431063,-0.226682211304903,-1.16625098642889,0.746999128129955,"2018","F.B"
369,1,30,30,0,1,1.58583032589837,"S","Rust Farm","Back","F","A",0.116388743826566,"0","N",-1.02147509106912,0.603055518329908,0.70781491580371,-0.563792555199657,1.23635307648676,1.40605088431063,-0.226682211304903,-1.16625098642889,0.681692267214076,"2018","F.B"
372,1,30,30,0,1,1.58583032589837,"S","Rust Farm","Back","F","J",-0.752235214525087,"0","N",-0.638105540993649,0.603055518329908,-1.40710194105557,-0.563792555199657,1.23635307648676,1.40605088431063,-0.226682211304903,-1.16625098642889,1.0561459863205,"2018","F.B"
373,1,30,30,0,1,1.58583032589837,"S","Rust Farm","Back","F","A",-0.462693895074536,"1","N",-0.446420765955916,-1.64835175010175,0.70781491580371,-0.563792555199657,1.23635307648676,1.40605088431063,-0.226682211304903,-1.16625098642889,0.19389515241099,"2018","F.B"
375,1,30,30,0,1,-2.09546406522252,"NC","Perry","Back","F","J",-0.752235214525087,"1","N",-1.42401311864836,0,-1.40710194105557,-0.563792555199657,-1.01181574694149,0.197974502349827,-0.381117232698385,0.00964407440083495,-0.549274057931772,"2018","F.B"
376,1,18,20,1,1,-2.09546406522252,"NC","Perry","Back","F","J",-1.33131785342619,"0","N",-1.19399138860308,0.603055518329908,-1.40710194105557,-0.563792555199657,-1.01181574694149,0.197974502349827,-0.381117232698385,0.00964407440083495,-0.449309424491955,"2018","F.B"
377,1,18,20,1,1,-2.09546406522252,"NC","Perry","Back","F","J",-1.04177653397564,"1","N",-0.829790316031383,0.603055518329908,-1.40710194105557,-0.563792555199657,-1.01181574694149,0.197974502349827,-0.381117232698385,0.00964407440083495,-0.00949028434277789,"2018","F.B"
378,1,30,30,0,1,-1.45123754677636,"S","Gray Fire Department","Back","F","J",-0.897005874250363,"0","N",-1.50068702866345,0.603055518329908,-1.40710194105557,-0.563792555199657,-0.0812586236615102,-1.34181094321301,-0.381117232698385,1.2419216556973,0.213800108270437,"2019","F.B"
379,1,1,9,1,1,-1.45123754677636,"S","Gray Fire Department","Back","F","A",-0.317923235349261,"0","N",-1.21315986610685,-1.64835175010175,0.70781491580371,1.76655000629226,-0.0812586236615102,-1.34181094321301,-0.381117232698385,1.2419216556973,-0.469859029153408,"2019","F.B"
380,1,30,30,0,1,-1.45123754677636,"S","Gray Fire Department","Back","F","J",-0.752235214525087,"0","N",-0.829790316031383,0.603055518329908,-1.40710194105557,-0.563792555199657,-0.0812586236615102,-1.34181094321301,-0.381117232698385,1.2419216556973,0.107175373765635,"2019","F.B"
381,1,30,30,0,1,-1.45123754677636,"S","Gray Fire Department","Back","F","A",-0.02838191589871,"0","N",-0.657274018497423,-1.64835175010175,0.70781491580371,1.76655000629226,-0.0812586236615102,-1.34181094321301,-0.381117232698385,1.2419216556973,1.60263163389273,"2019","F.B"
382,1,30,30,0,1,-1.45123754677636,"S","Gray Fire Department","Back","F","A",-0.02838191589871,"0","N",-0.484757720963463,0.603055518329908,0.70781491580371,1.76655000629226,-0.0812586236615102,-1.34181094321301,-0.381117232698385,1.2419216556973,1.27609732931334,"2019","F.B"
383,1,1,9,1,1,-1.45123754677636,"S","Gray Fire Department","Back","F","J",-0.173152575623985,"0","N",-0.197230558406863,0.603055518329908,-1.40710194105557,-0.563792555199657,-0.0812586236615102,-1.34181094321301,-0.381117232698385,1.2419216556973,1.96641656780217,"2019","F.B"
384,1,1,9,1,1,-1.45123754677636,"S","Gray Fire Department","Back","F","J",-0.607464554799812,"0","N",-0.00554578336912913,0.603055518329908,-1.40710194105557,-0.563792555199657,-0.0812586236615102,-1.34181094321301,-0.381117232698385,1.2419216556973,2.28629077131657,"2019","F.B"
387,1,30,30,0,1,-1.40522136688735,"NC","Roger's Farm","Back","F","A",-0.173152575623985,"1","N",-0.925632703550249,-1.64835175010175,0.70781491580371,-0.563792555199657,-1.1494179822699,-1.7501080375196,-0.381117232698385,2.32402096832935,0.0766872946684118,"2019","F.B"
388,1,14,16,1,1,-1.40522136688735,"NC","Roger's Farm","Back","F","J",-0.897005874250363,"1","N",-0.772284883520063,0.603055518329908,-1.40710194105557,-0.563792555199657,-1.1494179822699,-1.7501080375196,-0.381117232698385,2.32402096832935,0.213902557438274,"2019","F.B"
389,1,30,30,0,1,-1.40522136688735,"NC","Roger's Farm","Back","F","J",-0.897005874250363,"1","N",-0.503926198467236,0.603055518329908,0.70781491580371,-0.563792555199657,-1.1494179822699,-1.7501080375196,-0.381117232698385,2.32402096832935,-0.112631747141118,"2019","F.B"
391,1,6,9,1,1,-1.40522136688735,"NC","Roger's Farm","Back","F","A",-0.462693895074536,"1","N",-0.0822196933842225,0.603055518329908,0.70781491580371,-0.563792555199657,-1.1494179822699,-1.7501080375196,-0.381117232698385,2.32402096832935,-1.01620045463955,"2019","F.B"
392,1,30,30,0,1,-1.40522136688735,"NC","Roger's Farm","Back","F","A",-0.173152575623985,"0","N",0.339486811698791,0.603055518329908,0.70781491580371,-0.563792555199657,-1.1494179822699,-1.7501080375196,-0.381117232698385,2.32402096832935,0.403221599247803,"2019","F.B"
393,1,30,30,0,1,-1.40522136688735,"NC","Roger's Farm","Back","F","J",-0.607464554799812,"1","N",0.512003109232751,-1.64835175010175,-1.40710194105557,-0.563792555199657,-1.1494179822699,-1.7501080375196,-0.381117232698385,2.32402096832935,0.980256002166845,"2019","F.B"
394,1,30,30,0,1,-1.40522136688735,"NC","Roger's Farm","Back","F","J",-0.752235214525087,"0","N",0.646182451759164,0.603055518329908,0.70781491580371,-0.563792555199657,-1.1494179822699,-1.7501080375196,-0.381117232698385,2.32402096832935,0.433812127512863,"2019","F.B"
395,1,30,30,0,1,-1.40522136688735,"NC","Roger's Farm","Back","F","A",-0.02838191589871,"1","N",0.818698749293124,0.603055518329908,0.70781491580371,-0.563792555199657,-1.1494179822699,-1.7501080375196,-0.381117232698385,2.32402096832935,0.949665473901785,"2019","F.B"
396,1,30,30,0,1,-1.40522136688735,"NC","Roger's Farm","Back","F","A",-0.173152575623985,"0","N",1.29791068688746,-1.64835175010175,0.70781491580371,-0.563792555199657,-1.1494179822699,-1.7501080375196,-0.381117232698385,2.32402096832935,-0.249847009910981,"2019","F.B"
397,1,30,30,0,1,-1.40522136688735,"NC","Roger's Farm","Back","F","J",-0.752235214525087,"1","N",1.45125850691764,0.603055518329908,-1.40710194105557,-0.563792555199657,-1.1494179822699,-1.7501080375196,-0.381117232698385,2.32402096832935,0.107277822933472,"2019","F.B"
398,1,30,30,0,1,-0.991075747886253,"NC","Sewall","Back","F","A",-0.317923235349261,"1","N",-1.30900225362572,-1.64835175010175,0.70781491580371,-0.563792555199657,0.0158557564718021,-1.53979310189836,-0.381117232698385,-0.13784863681087,-0.142300232895643,"2019","F.B"
399,1,30,30,0,1,-0.991075747886253,"NC","Sewall","Back","F","A",-0.173152575623985,"1","N",-1.21315986610685,-1.64835175010175,0.70781491580371,-0.563792555199657,0.0158557564718021,-1.53979310189836,-0.381117232698385,-0.13784863681087,-0.575459271979835,"2019","F.B"
400,1,1,3,1,1,-0.991075747886253,"NC","Sewall","Back","F","A",-0.317923235349261,"1","N",-1.04064356857289,0.603055518329908,0.70781491580371,-0.563792555199657,0.0158557564718021,-1.53979310189836,-0.381117232698385,-0.13784863681087,-0.468834537475036,"2019","F.B"
401,1,30,30,0,1,-0.991075747886253,"NC","Sewall","Back","F","A",-0.173152575623985,"0","N",-0.925632703550249,0.603055518329908,0.70781491580371,-0.563792555199657,0.0158557564718021,-1.53979310189836,-0.381117232698385,-0.13784863681087,-0.575459271979835,"2019","F.B"
402,1,30,30,0,1,-0.991075747886253,"NC","Sewall","Back","F","A",-0.173152575623985,"0","N",-0.810621838527609,-1.64835175010175,0.70781491580371,-0.563792555199657,0.0158557564718021,-1.53979310189836,-0.381117232698385,-0.13784863681087,-0.248924967400447,"2019","F.B"
403,1,30,30,0,1,-0.991075747886253,"NC","Sewall","Back","F","A",-0.173152575623985,"1","N",-0.676442496001196,0.603055518329908,0.70781491580371,1.76655000629226,0.0158557564718021,-1.53979310189836,-0.381117232698385,-0.13784863681087,-0.248924967400447,"2019","F.B"
404,1,30,30,0,1,-0.991075747886253,"NC","Sewall","Back","F","J",-0.897005874250363,"1","N",-0.503926198467236,0.603055518329908,-1.40710194105557,-0.563792555199657,0.0158557564718021,-1.53979310189836,-0.381117232698385,-0.13784863681087,-0.111709704630583,"2019","F.B"
405,1,30,30,0,1,-0.991075747886253,"NC","Sewall","Back","F","A",0.116388743826566,"1","N",-0.388915333444596,0.603055518329908,0.70781491580371,-0.563792555199657,0.0158557564718021,-1.53979310189836,-0.381117232698385,-0.13784863681087,0.517428477328124,"2019","F.B"
406,1,30,30,0,1,-0.991075747886253,"NC","Sewall","Back","F","A",-0.02838191589871,"0","N",-0.254735990918183,-1.64835175010175,0.70781491580371,1.76655000629226,0.0158557564718021,-1.53979310189836,-0.381117232698385,-0.13784863681087,0.297518907253535,"2019","F.B"
407,1,30,30,0,1,-0.48489776910713,"NW","Brad St","Neck","F","A",-0.462693895074536,"1","N",-1.21315986610685,0,0.70781491580371,-0.563792555199657,0.395951847920297,-0.282934275296405,-0.381117232698385,-0.864879448702605,-1.0141514712828,"2019","F.N"
408,1,30,30,0,1,-0.48489776910713,"NW","Brad St","Back","F","J",-0.752235214525087,"1","N",-1.04064356857289,0.603055518329908,0.70781491580371,1.76655000629226,0.395951847920297,-0.282934275296405,-0.381117232698385,-0.864879448702605,-0.217207498289177,"2019","F.B"
409,1,30,30,0,1,-0.48489776910713,"NW","Brad St","Back","F","J",-1.04177653397564,"1","N",-0.944801181054023,0.603055518329908,0.70781491580371,1.76655000629226,0.395951847920297,-0.282934275296405,-0.381117232698385,-0.864879448702605,-0.983560943017743,"2019","F.B"
410,1,30,30,0,1,-0.48489776910713,"NW","Brad St","Back","F","A",-0.752235214525087,"1","N",-0.810621838527609,0.603055518329908,0.70781491580371,-0.563792555199657,0.395951847920297,-0.282934275296405,-0.381117232698385,-0.864879448702605,-0.474367697693808,"2019","F.B"
411,1,30,30,0,1,-0.48489776910713,"NW","Brad St","Back","F","A",-0.752235214525087,"1","N",-0.676442496001196,-1.64835175010175,0.70781491580371,-0.563792555199657,0.395951847920297,-0.282934275296405,-0.381117232698385,-0.864879448702605,-0.800902002273201,"2019","F.B"
412,1,30,30,0,1,-0.48489776910713,"NW","Brad St","Back","F","A",-0.462693895074536,"0","N",-0.599768585986103,-1.64835175010175,0.70781491580371,-0.563792555199657,0.395951847920297,-0.282934275296405,-0.381117232698385,-0.864879448702605,-1.3406857758622,"2019","F.B"
413,1,10,15,1,1,-0.48489776910713,"NW","Brad St","Back","F","A",-0.897005874250363,"1","N",-0.408083810948369,-1.64835175010175,0.70781491580371,-0.563792555199657,0.395951847920297,-0.282934275296405,-0.381117232698385,-0.864879448702605,-1.34734587692718,"2019","F.B"
414,1,30,30,0,1,-0.48489776910713,"NW","Brad St","Neck","F","J",-0.897005874250363,"0","N",-0.178062080903089,0.603055518329908,-1.40710194105557,-0.563792555199657,0.395951847920297,-0.282934275296405,-0.381117232698385,-0.864879448702605,-0.437117068363766,"2019","F.N"
415,1,30,30,0,1,-0.48489776910713,"NW","Brad St","Back","F","A",-0.752235214525087,"1","N",-0.101388170887996,0,-1.40710194105557,1.76655000629226,0.395951847920297,-0.282934275296405,-0.381117232698385,-0.864879448702605,-1.45397061143198,"2019","F.B"
416,1,30,30,0,1,-0.48489776910713,"NW","Brad St","Back","F","J",-0.897005874250363,"1","N",0.0519596491421909,-1.64835175010175,0.70781491580371,-0.563792555199657,0.395951847920297,-0.282934275296405,-0.381117232698385,-0.864879448702605,0.542485845374409,"2019","F.B"
417,1,30,30,0,1,-0.48489776910713,"NW","Brad St","Back","F","J",-1.18654719370091,"0","N",0.128633559157284,-1.64835175010175,-1.40710194105557,1.76655000629226,0.395951847920297,-0.282934275296405,-0.381117232698385,-0.864879448702605,0.429201009804622,"2019","F.B"
418,1,2,5,1,1,-0.438881589218118,"NE","Euguly","Back","F","A",0.116388743826566,"0","N",-1.50068702866345,0.603055518329908,0.70781491580371,-0.563792555199657,0.506201296401455,-0.400063891847364,0.741865515285675,0.642404975160704,-0.787479350975394,"2019","F.B"
419,1,5,12,1,1,-0.438881589218118,"NE","Euguly","Back","F","J",-1.62085917287674,"1","N",-1.28983377612194,0,0.70781491580371,-0.563792555199657,0.506201296401455,-0.400063891847364,0.741865515285675,0.642404975160704,-1.21002816498948,"2019","F.B"
420,1,30,30,0,1,-0.438881589218118,"NE","Euguly","Back","F","A",-0.173152575623985,"1","N",-1.11731747858798,-1.64835175010175,-1.40710194105557,-0.563792555199657,0.506201296401455,-0.400063891847364,0.741865515285675,0.642404975160704,-0.247695577386399,"2019","F.B"
421,1,19,27,1,1,-0.438881589218118,"NE","Euguly","Back","F","A",-0.462693895074536,"1","N",-0.944801181054023,0.603055518329908,0.70781491580371,-0.563792555199657,0.506201296401455,-0.400063891847364,0.741865515285675,0.642404975160704,-0.687514717535578,"2019","F.B"
422,1,30,30,0,1,-0.438881589218118,"NE","Euguly","Neck","F","A",-0.317923235349261,"1","N",-0.772284883520063,0,0.70781491580371,-0.563792555199657,0.506201296401455,-0.400063891847364,0.741865515285675,0.642404975160704,-0.794139452040381,"2019","F.N"
423,1,30,30,0,1,-0.438881589218118,"NE","Euguly","Back","F","A",-0.462693895074536,"1","N",-0.599768585986103,0.603055518329908,-1.40710194105557,-0.563792555199657,0.506201296401455,-0.400063891847364,0.741865515285675,0.642404975160704,-0.687514717535578,"2019","F.B"
427,1,2,5,1,1,0.527458188451116,"NC","Emera","Back","F","J",-0.752235214525087,"0","N",-0.350578378437049,-1.64835175010175,-1.40710194105557,1.76655000629226,-1.52103858193353,-0.776763699381088,-0.381117232698385,-0.0611303557620286,0.111580687982633,"2019","F.B"
428,1,12,14,1,1,0.527458188451116,"NC","Emera","Back","F","A",-0.173152575623985,"0","N",-0.350578378437049,0,0.70781491580371,-0.563792555199657,-1.52103858193353,-0.776763699381088,-0.381117232698385,-0.0611303557620286,0.407524464296964,"2019","F.B"
429,1,9,19,1,1,0.527458188451116,"NC","Emera","Neck","F","A",-0.462693895074536,"0","N",-0.0630512158804492,0,0.70781491580371,-0.563792555199657,-1.52103858193353,-0.776763699381088,-0.381117232698385,-0.0611303557620286,-0.685363285010996,"2019","F.N"
430,1,30,30,0,1,0.527458188451116,"NC","Emera","Neck","F","A",-0.462693895074536,"0","N",-0.0630512158804492,0,0.70781491580371,-0.563792555199657,-1.52103858193353,-0.776763699381088,-0.381117232698385,-0.0611303557620286,-0.0322946758522145,"2019","F.N"
431,1,9,12,1,1,0.527458188451116,"NC","Emera","Back","F","J",-0.897005874250363,"0","N",0.301149856691244,0,-1.40710194105557,-0.563792555199657,-1.52103858193353,-0.776763699381088,-0.381117232698385,-0.0611303557620286,0.544739727066826,"2019","F.B"
432,1,2,5,1,1,0.527458188451116,"NC","Emera","Back","F","J",-1.04177653397564,"0","N",0.301149856691244,0,0.70781491580371,-0.563792555199657,-1.52103858193353,-0.776763699381088,-0.381117232698385,-0.0611303557620286,0.324830156992237,"2019","F.B"
433,1,2,5,1,1,0.527458188451116,"NC","Emera","Back","F","A",-0.462693895074536,"0","N",0.301149856691244,0,0.70781491580371,1.76655000629226,-1.52103858193353,-0.776763699381088,-0.381117232698385,-0.0611303557620286,-0.685363285010996,"2019","F.B"
434,1,30,30,0,1,1.07965234711925,"NE","Parker","Back","F","A",-1.04177653397564,"1","N",-0.906464226046476,0,0.70781491580371,-0.563792555199657,1.18072449195499,1.09642907888805,-0.344771480991752,-1.08149373025316,-1.5637721752953,"2019","F.B"
435,1,30,30,0,1,1.07965234711925,"NE","Parker","Back","F","A",-0.317923235349261,"1","N",-0.542263153474783,0.603055518329908,0.70781491580371,-0.563792555199657,1.18072449195499,1.09642907888805,-0.344771480991752,-1.08149373025316,-1.11729293408114,"2019","F.B"
436,1,30,30,0,1,1.07965234711925,"NE","Parker","Back","F","J",-1.47608851315146,"0","N",-0.388915333444596,-1.64835175010175,-1.40710194105557,-0.563792555199657,1.18072449195499,1.09642907888805,-0.344771480991752,-1.08149373025316,-0.986737772376268,"2019","F.B"
437,1,7,11,1,1,1.07965234711925,"NE","Parker","Neck","F","J",-1.33131785342619,"1","N",-0.235567513414409,0.603055518329908,0.70781491580371,-0.563792555199657,1.18072449195499,1.09642907888805,-0.344771480991752,-1.08149373025316,-0.766828202301679,"2019","F.N"
438,1,30,30,0,1,1.07965234711925,"NE","Parker","Back","F","A",-0.607464554799812,"1","N",-0.0630512158804492,0,0.70781491580371,-0.563792555199657,1.18072449195499,1.09642907888805,-0.344771480991752,-1.08149373025316,-2.5367149879685,"2019","F.B"
439,1,30,30,0,1,1.07965234711925,"NE","Parker","Neck","F","J",-1.33131785342619,"1","N",0.0902966041497376,0.603055518329908,0.70781491580371,-0.563792555199657,1.18072449195499,1.09642907888805,-0.344771480991752,-1.08149373025316,-1.74643111603985,"2019","F.N"
440,1,30,30,0,1,1.07965234711925,"NE","Parker","Neck","F","A",-1.04177653397564,"0","N",0.205307469172378,0.603055518329908,0.70781491580371,-0.563792555199657,1.18072449195499,1.09642907888805,-0.344771480991752,-1.08149373025316,-2.93521625452875,"2019","F.N"
441,1,30,30,0,1,1.07965234711925,"NE","Parker","Back","F","J",-0.897005874250363,"0","N",0.512003109232751,0.603055518329908,0.70781491580371,-0.563792555199657,1.18072449195499,1.09642907888805,-0.344771480991752,-1.08149373025316,-1.80507787589074,"2019","F.B"
442,1,30,30,0,1,1.07965234711925,"NE","Parker","Neck","F","A",-0.752235214525087,"0","N",0.703687884270484,0.603055518329908,0.70781491580371,-0.563792555199657,1.18072449195499,1.09642907888805,-0.344771480991752,-1.08149373025316,-1.45048733972552,"2019","F.N"
443,1,19,29,1,1,1.17168470689727,"NC","Davis Oil","Back","F","A",-0.462693895074536,"1","N",-1.11731747858798,0,0.70781491580371,-0.563792555199657,0.98149623912428,0.977672362965547,-0.381117232698385,-1.11677703523989,-0.683928996661278,"2019","F.B"
444,1,30,30,0,1,1.17168470689727,"NC","Davis Oil","Back","F","A",-0.317923235349261,"0","N",-0.983138136061569,0.603055518329908,0.70781491580371,-0.563792555199657,0.98149623912428,0.977672362965547,-0.381117232698385,-1.11677703523989,-1.05178117482959,"2019","F.B"
445,1,30,30,0,1,1.17168470689727,"NC","Davis Oil","Neck","F","A",0.116388743826566,"1","N",-0.791453361023836,0,0.70781491580371,-0.563792555199657,0.98149623912428,0.977672362965547,-0.381117232698385,-1.11677703523989,-0.457359325521702,"2019","F.N"
446,1,30,30,0,1,1.17168470689727,"NC","Davis Oil","Back","F","A",-0.173152575623985,"1","N",-0.216399035910636,0,0.70781491580371,-0.563792555199657,0.98149623912428,0.977672362965547,-0.381117232698385,-1.11677703523989,-0.178802995596219,"2019","F.B"
447,1,30,30,0,1,1.17168470689727,"NC","Davis Oil","Back","F","A",-0.173152575623985,"0","N",0.109465081653511,0.603055518329908,0.70781491580371,-0.563792555199657,0.98149623912428,0.977672362965547,-0.381117232698385,-1.11677703523989,-0.374723578343853,"2019","F.B"
449,1,30,30,0,1,1.07965234711925,"NE","Parker","Back","F","A",-0.752235214525087,"0","N",0.377823766706338,0,-1.40710194105557,-0.563792555199657,1.18072449195499,1.09642907888805,-0.344771480991752,-1.08149373025316,-1.05864617423025,"2019","F.B"
450,1,30,30,0,1,1.17168470689727,"NC","Davis Oil","Neck","F","A",-0.462693895074536,"1","N",0.761193316781804,0,0.70781491580371,1.76655000629226,0.98149623912428,0.977672362965547,-0.381117232698385,-1.11677703523989,-0.683928996661278,"2019","F.N"
451,1,30,30,0,1,-0.760994848441197,"NC","130 Stillwater","Neck","M","A",1.85363666052987,"0","N",-0.599768585986103,0.603055518329908,0.70781491580371,-0.563792555199657,-0.526634755061342,0.100091831711885,2.37433127074019,1.04689137417778,0.968313937914856,"2020","M.N"
451,1,30,30,0,1,-0.760994848441197,"NC","130 Stillwater","Neck","M","A",1.85363666052987,"0","N",-0.599768585986103,0.603055518329908,0.70781491580371,-0.563792555199657,-0.526634755061342,0.100091831711885,2.37433127074019,1.04689137417778,0.968313937914856,"2019","M.N"
451,1,30,30,0,1,-0.760994848441197,"NC","130 Stillwater","Neck","M","A",1.85363666052987,"0","N",-0.599768585986103,0.603055518329908,0.70781491580371,-0.563792555199657,-0.529918516452524,0.471108517372794,-0.381117232698385,-1.17918724362927,0.968313937914856,"2020","M.N"
451,1,30,30,0,1,-0.760994848441197,"NC","130 Stillwater","Neck","M","A",1.85363666052987,"0","N",-0.599768585986103,0.603055518329908,0.70781491580371,-0.563792555199657,-0.529918516452524,0.471108517372794,-0.381117232698385,-1.17918724362927,0.968313937914856,"2019","M.N"
459,1,30,30,0,1,-1.40522136688735,"NC","Roger's Farm","Back","M","J",0.405930063277117,"1","N",1.10622591184972,0,0.70781491580371,-0.563792555199657,-1.1494179822699,-1.7501080375196,-0.381117232698385,2.32402096832935,0.233882860633229,"2019","M.B"
460,1,30,30,0,1,-0.760994848441197,"NC","Junkyard","Back","M","J",0.985012702178218,"1","N",-1.50068702866345,-1.64835175010175,-1.40710194105557,1.76655000629226,-1.4035831176199,-1.03620526934103,1.59141070202548,-0.748937138429289,0.788421124701916,"2019","M.B"
461,1,2,5,1,1,-0.760994848441197,"NC","Junkyard","Back","M","J",0.116388743826566,"1","N",-1.11731747858798,0,0.70781491580371,-0.563792555199657,-1.4035831176199,-1.03620526934103,1.59141070202548,-0.748937138429289,-0.85757060032501,"2019","M.B"
462,1,2,5,1,1,-0.760994848441197,"NC","Junkyard","Back","M","J",-0.02838191589871,"1","N",-0.714779451008743,-1.64835175010175,0.70781491580371,1.76655000629226,-1.4035831176199,-1.03620526934103,1.59141070202548,-0.748937138429289,-1.40401447497899,"2019","M.B"
466,1,30,30,0,1,-0.760994848441197,"NC","130 Stillwater","Back","M","A",1.85363666052987,"0","N",-0.599768585986103,0.603055518329908,-1.40710194105557,1.76655000629226,-1.4035831176199,-1.03620526934103,1.59141070202548,-0.748937138429289,-0.20450199116623,"2019","M.B"
466,1,30,30,0,1,-0.760994848441197,"NC","130 Stillwater","Back","M","A",1.85363666052987,"0","N",-0.599768585986103,0.603055518329908,-1.40710194105557,1.76655000629226,-1.4035831176199,-1.03620526934103,1.59141070202548,-0.748937138429289,-0.20450199116623,"2020","M.B"
466,1,30,30,0,1,-0.760994848441197,"NC","130 Stillwater","Back","M","A",1.85363666052987,"0","N",-0.599768585986103,0.603055518329908,-1.40710194105557,1.76655000629226,-0.529918516452524,0.471108517372794,-0.381117232698385,-1.17918724362927,-0.20450199116623,"2019","M.B"
466,1,30,30,0,1,-0.760994848441197,"NC","130 Stillwater","Back","M","A",1.85363666052987,"0","N",-0.599768585986103,0.603055518329908,-1.40710194105557,1.76655000629226,-0.529918516452524,0.471108517372794,-0.381117232698385,-1.17918724362927,-0.20450199116623,"2020","M.B"
468,1,30,30,0,1,-0.48489776910713,"NW","Brad St","Neck","M","J",0.840242042452943,"1","N",0.301149856691244,0,0.70781491580371,-0.563792555199657,0.395951847920297,-0.282934275296405,-0.381117232698385,-0.864879448702605,0.895660554213741,"2019","M.N"
470,1,30,30,0,1,-0.48489776910713,"NW","Brad St","Neck","M","J",0.261159403551841,"1","N",0.473666154225204,0,0.70781491580371,-0.563792555199657,0.395951847920297,-0.282934275296405,-0.381117232698385,-0.864879448702605,0.0160222739153828,"2019","M.N"
471,1,30,30,0,1,-0.48489776910713,"NW","Brad St","Neck","M","J",0.695471382727668,"1","N",0.607845496751618,0,-1.40710194105557,-0.563792555199657,0.395951847920297,-0.282934275296405,-0.381117232698385,-0.864879448702605,0.0226823749803676,"2019","M.N"
472,1,30,30,0,1,0.527458188451116,"NC","Emera","Neck","M","A",2.14317797998042,"0","N",0.607845496751618,0,-1.40710194105557,-0.563792555199657,-1.52103858193353,-0.776763699381088,-0.381117232698385,-0.0611303557620286,1.37911000977114,"2019","M.N"
473,1,30,30,0,1,0.527458188451116,"NC","Emera","Neck","M","A",1.85363666052987,"0","N",0.607845496751618,0,0.70781491580371,-0.563792555199657,-1.52103858193353,-0.776763699381088,-0.381117232698385,-0.0611303557620286,1.20051831328547,"2019","M.N"
474,1,9,12,1,1,1.17168470689727,"NC","Davis Oil","Neck","M","J",-0.462693895074536,"0","N",-0.542263153474783,0.603055518329908,0.70781491580371,-0.563792555199657,0.98149623912428,0.977672362965547,-0.381117232698385,-1.11677703523989,-0.949223684583669,"2019","M.N"
475,1,30,30,0,1,1.17168470689727,"NC","Davis Oil","Back","M","A",2.8670312786068,"1","N",0.396992244210111,-1.64835175010175,0.70781491580371,-0.563792555199657,0.98149623912428,0.977672362965547,-0.381117232698385,-1.11677703523989,2.08825098299853,"2019","M.B"
476,1,30,30,0,1,1.44778178623134,"NW","Smith (Corinna)","Neck","M","A",1.99840732025515,"0","N",-1.44318159615213,0,0.70781491580371,-0.563792555199657,-1.00060925597201,0.796571686840382,-0.381117232698385,0.181920217728237,0.116339648399239,"2019","M.N"
477,1,30,30,0,1,1.44778178623134,"NW","Smith (Corinna)","Neck","M","A",3.01180193833208,"1","N",-1.04064356857289,0,0.70781491580371,-0.563792555199657,-1.00060925597201,0.796571686840382,-0.381117232698385,0.181920217728237,1.98224094350075,"2019","M.N"
478,1,30,30,0,1,1.44778178623134,"NW","Smith (Corinna)","Neck","M","A",3.15657259805735,"0","N",-0.772284883520063,0.603055518329908,0.70781491580371,-0.563792555199657,-1.00060925597201,0.796571686840382,-0.381117232698385,0.181920217728237,2.52868481815474,"2019","M.N"
516,1,30,30,0,1,-1.12912428755329,"NW","Glenburn","Neck","M","J",1.27455402162877,"1","N",-0.695610973504969,0.603055518329908,0.70781491580371,1.76655000629226,-0.695432547554514,0.615717094019464,-0.381117232698385,0.36617566308809,0.285211704030785,"2020","M.N"
522,1,30,30,0,1,-0.89904338810823,"NE","Bradbury","Neck","M","A",1.41932468135404,"0","N",-0.197230558406863,0.603055518329908,0.70781491580371,-0.563792555199657,1.35681868198929,0.0694076367869129,-0.381117232698385,-1.24810424127858,0.248473320539925,"2020","M.N"
524,1,30,30,0,1,-0.89904338810823,"NE","Bradbury","Neck","M","A",2.43271929943097,"0","N",-0.197230558406863,-1.64835175010175,-1.40710194105557,-0.563792555199657,1.35681868198929,0.0694076367869129,-0.381117232698385,-1.24810424127858,2.11437461564144,"2020","M.N"
532,1,30,30,0,1,-0.668962488663174,"S","Fernald Farm (Poland)","Neck","M","A",1.56409534107932,"0","N",0.320318334195018,-1.64835175010175,0.70781491580371,-0.563792555199657,1.49857811311207,0.890911189887844,-0.381117232698385,0.0274330167608357,-0.510707777284471,"2020","M.N"
535,1,30,30,0,1,-0.668962488663174,"S","Fernald Farm (Poland)","Neck","M","A",1.85363666052987,"0","N",0.320318334195018,-1.64835175010175,-1.40710194105557,1.76655000629226,1.49857811311207,0.890911189887844,-0.381117232698385,0.0274330167608357,0.451566250191731,"2020","M.N"
536,1,30,30,0,1,-0.668962488663174,"S","Fernald Farm (Poland)","Neck","M","A",1.7088660008046,"1","N",0.320318334195018,0.603055518329908,-1.40710194105557,-0.563792555199657,1.49857811311207,0.890911189887844,-0.381117232698385,0.0274330167608357,0.362270401948898,"2020","M.N"
545,1,30,30,0,1,-0.668962488663174,"S","Fernald Farm (Poland)","Neck","M","A",1.56409534107932,"0","N",0.320318334195018,-1.64835175010175,-1.40710194105557,1.76655000629226,1.49857811311207,0.890911189887844,-0.381117232698385,0.0274330167608357,-0.184173472705083,"2020","M.N"
546,1,30,30,0,1,-0.668962488663174,"S","Fernald Farm (Poland)","Neck","M","A",1.56409534107932,"0","N",0.320318334195018,0.603055518329908,0.70781491580371,1.76655000629226,1.49857811311207,0.890911189887844,-0.381117232698385,0.0274330167608357,0.142360831874309,"2020","M.N"
549,1,30,30,0,1,-0.760994848441197,"NC","130 Stillwater","Neck","M","A",1.12978336190349,"0","N",-0.599768585986103,0.603055518329908,-1.40710194105557,1.76655000629226,-0.529918516452524,0.471108517372794,-0.381117232698385,-1.17918724362927,0.13549583247365,"2020","M.N"
574,1,30,30,0,1,-0.392865409329107,"NC","McAllister's","Neck","M","J",1.12978336190349,"0","N",-1.57736093867854,0.603055518329908,0.70781491580371,1.76655000629226,1.473057971481,-0.276721584925079,0.172935190528238,1.27471744483748,0.682615983539809,"2019","M.N"
575,1,30,30,0,1,-0.392865409329107,"NC","McAllister's","Neck","M","J",-0.607464554799812,"0","N",-1.78821419122005,0.603055518329908,-1.40710194105557,1.76655000629226,1.473057971481,-0.276721584925079,0.172935190528238,1.27471744483748,-1.62976455277587,"2019","M.N"
581,1,30,30,0,1,0.987619987341228,"WMD 26","Winterport (Hodgman)","Neck","M","A",1.99840732025515,"0","N",0.0519596491421909,0,0.70781491580371,-0.563792555199657,-0.911895404915328,0.807592129008387,-0.381117232698385,-0.286195618642902,0.76838376587965,"2019","M.N"
582,1,30,30,0,1,0.987619987341228,"WMD 26","Winterport (Hodgman)","Neck","M","A",2.43271929943097,"0","N",-0.0822196933842225,0,-1.40710194105557,-0.563792555199657,-0.911895404915328,0.807592129008387,-0.381117232698385,-0.286195618642902,0.775043866944635,"2019","M.N"
583,1,30,30,0,1,0.987619987341228,"WMD 26","Winterport (Hodgman)","Neck","M","A",1.85363666052987,"0","N",-0.273904468421956,0,-1.40710194105557,-0.563792555199657,-0.911895404915328,0.807592129008387,-0.381117232698385,-0.286195618642902,0.548474195805061,"2019","M.N"
585,1,30,30,0,1,0.987619987341228,"WMD 26","Winterport (Hodgman)","Neck","M","J",-0.173152575623985,"0","N",-0.906464226046476,0,-1.40710194105557,-0.563792555199657,-0.911895404915328,0.807592129008387,-0.381117232698385,-0.286195618642902,-1.29349667209638,"2019","M.N"
616,1,30,30,0,1,-0.300833049551085,"WMD 26","Monroe (Doak)","Neck","M","A",1.99840732025515,"0","N",0.607845496751618,0,-1.40710194105557,-0.563792555199657,-0.146721168903955,-0.825502940046081,-0.381117232698385,1.64945686024798,0.438980884600819,"2019","M.N"
617,1,20,27,1,1,-0.300833049551085,"WMD 26","Monroe (Doak)","Neck","M","J",0.405930063277117,"0","N",0.607845496751618,0,-1.40710194105557,-0.563792555199657,-0.146721168903955,-0.825502940046081,-0.381117232698385,1.64945686024798,-0.743261273076853,"2019","M.N"
618,1,30,30,0,1,-0.300833049551085,"WMD 26","Monroe (Doak)","Neck","M","A",2.14317797998042,"0","N",0.607845496751618,0,-1.40710194105557,-0.563792555199657,-0.146721168903955,-0.825502940046081,-0.381117232698385,1.64945686024798,2.94463058673115,"2019","M.N"
619,1,30,30,0,1,-0.300833049551085,"WMD 26","Monroe (Doak)","Neck","M","J",0.116388743826566,"0","N",0.607845496751618,0,-1.40710194105557,1.76655000629226,-0.146721168903955,-0.825502940046081,-0.381117232698385,1.64945686024798,-0.987159830478396,"2019","M.N"
623,1,30,30,0,1,0.113312569450016,"NW","Glenburn","Neck","M","A",2.43271929943097,"0","N",-0.963969658557796,0,0,0,-1.06077000386721,-0.566028644129361,-0.129703758442733,0.400061355332888,0.773097332755729,"2019","M.N"
624,1,30,30,0,1,0.113312569450016,"NW","Glenburn","Neck","M","A",2.72226061888152,"0","N",-0.963969658557796,0,0,0,-1.06077000386721,-0.566028644129361,-0.129703758442733,0.400061355332888,1.21291647290491,"2019","M.N"
625,1,10,10,1,1,0.159328749339027,"WMD 23","Monroe (Cunningham)","Neck","M","A",2.14317797998042,"0","N",-0.791453361023836,0,0.70781491580371,-0.563792555199657,-1.66835207425295,-0.448849868943541,-0.381117232698385,0.592263709656122,0.986449250933172,"2019","M.N"
633,1,30,30,0,1,0.159328749339027,"WMD 23","Monroe (Cunningham)","Neck","M","A",2.72226061888152,"0","N",0.703687884270484,0,0.70781491580371,-0.563792555199657,-1.66835207425295,-0.448849868943541,-0.381117232698385,0.592263709656122,2.19262183581092,"2019","M.N"
636,1,30,30,0,1,0.251361109117049,"S","Gorham (DiagleFarm)","Neck","M","J",-0.02838191589871,"1","N",-0.963969658557796,-1.64835175010175,0.70781491580371,-0.563792555199657,0.747048931639868,-0.264844147436391,-0.332690649885817,0.337771435614245,-2.31605664610887,"2019","M.N"
637,1,30,30,0,1,0.251361109117049,"S","Gorham (DiagleFarm)","Neck","M","J",0.405930063277117,"0","N",-0.503926198467236,-1.64835175010175,-1.40710194105557,-0.563792555199657,0.747048931639868,-0.264844147436391,-0.332690649885817,0.337771435614245,-2.24408968412801,"2019","M.N"
638,1,30,30,0,1,0.251361109117049,"S","Gorham (DiagleFarm)","Neck","M","J",0.550700723002392,"0","N",-0.216399035910636,-1.64835175010175,-1.40710194105557,-0.563792555199657,0.747048931639868,-0.264844147436391,-0.332690649885817,0.337771435614245,-2.15479383588517,"2019","M.N"
640,1,1,6,1,1,0.251361109117049,"S","Gorham (DiagleFarm)","Neck","M","J",0.405930063277117,"0","N",0.147802036661058,-1.64835175010175,-1.40710194105557,1.76655000629226,0.747048931639868,-0.264844147436391,-0.332690649885817,0.337771435614245,-2.24408968412801,"2019","M.N"
751,1,19,29,1,1,1.17168470689727,"NC","Davis Oil","Neck","F","J",-0.02838191589871,"1","N",1.18289982186482,0,0.70781491580371,-0.563792555199657,0.98149623912428,0.977672362965547,-0.381117232698385,-1.11677703523989,0.755414800294152,"2019","F.N"
752,1,30,30,0,1,1.17168470689727,"NC","Davis Oil","Back","F","A",-0.02838191589871,"1","N",0.991215046827085,0,0.70781491580371,-0.563792555199657,0.98149623912428,0.977672362965547,-0.381117232698385,-1.11677703523989,-0.677268895596291,"2019","F.B"
754,1,30,30,0,1,1.17168470689727,"NC","Davis Oil","Back","F","A",-0.173152575623985,"0","N",1.37458459690255,0,0.70781491580371,-0.563792555199657,0.98149623912428,0.977672362965547,-0.381117232698385,-1.11677703523989,-1.09309904841851,"2019","F.B"
824,1,30,30,0,1,0.113312569450016,"NC","Newburgh","Back","F","A",-0.173152575623985,"0","N",0.147802036661058,0.603055518329908,-1.40710194105557,-0.563792555199657,-0.685046158099437,-1.14372270319022,3.8315296973922,-0.496970813605702,-0.404992823859424,"2020","F.B"
826,1,30,30,0,1,-1.72733462611043,"NE","Martin","Back","F","A",-0.173152575623985,"0","N",-0.829790316031383,0.603055518329908,0.70781491580371,-0.563792555199657,-0.504256515323044,0.50269895910078,-0.381117232698385,0.679945031093282,-0.213170207825278,"2020","F.B"
831,1,30,30,0,1,1.49379796612035,"NW","Day","Neck","F","J",-0.897005874250363,"1","N",-1.4623500736559,0,-1.40710194105557,-0.563792555199657,0.651151861342546,0.924767702648397,-0.381117232698385,-0.0453919912035128,-0.106177449567377,"2019","F.N"
832,1,1,6,1,1,1.49379796612035,"NW","Day","Back","F","J",-0.607464554799812,"1","N",-1.27066529861817,0.603055518329908,0.70781491580371,-0.563792555199657,0.651151861342546,0.924767702648397,-0.381117232698385,-0.0453919912035128,-0.0581994749134662,"2019","F.B"
833,1,30,30,0,1,1.49379796612035,"NW","Day","Back","F","A",-0.02838191589871,"0","N",-1.07898052358044,0.603055518329908,-1.40710194105557,-0.563792555199657,0.651151861342546,0.924767702648397,-0.381117232698385,-0.0453919912035128,-0.284710585926163,"2019","F.B"
834,1,30,30,0,1,1.49379796612035,"NW","Day","Neck","F","J",-0.607464554799812,"1","N",-0.887295748542703,0,-1.40710194105557,-0.563792555199657,0.651151861342546,0.924767702648397,-0.381117232698385,-0.0453919912035128,0.00710738600241135,"2019","F.N"
835,1,30,30,0,1,1.49379796612035,"NW","Day","Back","F","A",-0.317923235349261,"1","N",-0.714779451008743,0.603055518329908,0.70781491580371,1.76655000629226,0.651151861342546,0.924767702648397,-0.381117232698385,-0.0453919912035128,-0.528609143327706,"2019","F.B"
836,1,30,30,0,1,1.49379796612035,"NW","Day","Back","F","A",-0.02838191589871,"1","N",-0.580600108482329,0.603055518329908,0.70781491580371,-0.563792555199657,0.651151861342546,0.924767702648397,-0.381117232698385,-0.0453919912035128,-0.545938029589674,"2019","F.B"
838,1,30,30,0,1,-1.12912428755329,"NW","Glenburn","Back","F","J",-0.462693895074536,"1","N",-0.695610973504969,0.603055518329908,-1.40710194105557,-0.563792555199657,-0.695432547554514,0.615717094019464,-0.381117232698385,0.36617566308809,0.585105604350237,"2020","F.B"
839,1,30,30,0,1,-1.12912428755329,"NW","Glenburn","Back","F","J",-0.752235214525087,"0","N",-0.695610973504969,-1.64835175010175,0.70781491580371,-0.563792555199657,-0.695432547554514,0.615717094019464,-0.381117232698385,0.36617566308809,0.47182076878045,"2020","F.B"
840,1,30,30,0,1,-1.12912428755329,"NW","Glenburn","Back","F","J",-0.752235214525087,"0","N",-0.695610973504969,0.603055518329908,-1.40710194105557,-0.563792555199657,-0.695432547554514,0.615717094019464,-0.381117232698385,0.36617566308809,0.79835507335984,"2020","F.B"
842,1,30,30,0,1,-0.89904338810823,"NE","Bradbury","Back","F","A",-0.462693895074536,"0","N",-0.197230558406863,-1.64835175010175,-1.40710194105557,-0.563792555199657,1.35681868198929,0.0694076367869129,-0.381117232698385,-1.24810424127858,0.00192334620539742,"2020","F.B"
843,1,30,30,0,1,-0.89904338810823,"NE","Bradbury","Neck","F","A",-0.02838191589871,"0","N",-0.197230558406863,0,0.70781491580371,-0.563792555199657,1.35681868198929,0.0694076367869129,-0.381117232698385,-1.24810424127858,0.00858344727038226,"2020","F.N"
844,1,30,30,0,1,-0.89904338810823,"NE","Bradbury","Back","F","A",-0.173152575623985,"0","N",-0.197230558406863,0.603055518329908,0.70781491580371,-0.563792555199657,1.35681868198929,0.0694076367869129,-0.381117232698385,-1.24810424127858,0.441742486354575,"2020","F.B"
845,1,30,30,0,1,0.113312569450016,"NC","McAllister's","Back","F","A",-0.462693895074536,"0","N",0.703687884270484,0.603055518329908,-1.40710194105557,1.76655000629226,-0.677106038780066,-1.13541433188021,3.59747593371208,-0.538703626416813,0.00417722789781493,"2020","F.B"
846,1,30,30,0,1,0.113312569450016,"NC","McAllister's","Back","F","A",-0.752235214525087,"1","N",0.703687884270484,0.603055518329908,0.70781491580371,1.76655000629226,-0.677106038780066,-1.13541433188021,3.59747593371208,-0.538703626416813,-1.87239285240068,"2020","F.B"
847,1,30,30,0,1,0.113312569450016,"NC","McAllister's","Neck","F","A",-0.173152575623985,"1","N",0.703687884270484,0.603055518329908,0.70781491580371,1.76655000629226,-0.677106038780066,-1.13541433188021,3.59747593371208,-0.538703626416813,-0.20907224111179,"2020","F.N"
848,1,30,30,0,1,0.113312569450016,"NC","McAllister's","Back","F","A",-0.317923235349261,"1","N",0.703687884270484,0.603055518329908,0.70781491580371,1.76655000629226,-0.677106038780066,-1.13541433188021,3.59747593371208,-0.538703626416813,-0.102447506606986,"2020","F.B"
849,1,30,30,0,1,0.113312569450016,"NC","McAllister's","Back","F","A",-0.173152575623985,"1","N",0.703687884270484,0,0.70781491580371,-0.563792555199657,-0.677106038780066,-1.13541433188021,3.59747593371208,-0.538703626416813,-1.31928887668172,"2020","F.B"
850,1,30,30,0,1,0.113312569450016,"NC","McAllister's","Back","F","A",1.12978336190349,"1","N",0.703687884270484,-1.64835175010175,0.70781491580371,-0.563792555199657,-0.677106038780066,-1.13541433188021,3.59747593371208,-0.538703626416813,2.0966481941389,"2020","F.B"
901,1,25,26,1,1,-0.392865409329107,"NC","McAllister's","Back","F","A",-0.607464554799812,"0","N",-0.829790316031383,0.603055518329908,0.70781491580371,1.76655000629226,1.473057971481,-0.276721584925079,0.172935190528238,1.27471744483748,-0.580787533862937,"2019","F.B"
902,1,30,30,0,1,-0.392865409329107,"NC","McAllister's","Back","F","A",0.116388743826566,"0","N",-0.101388170887996,0,0.70781491580371,-0.563792555199657,1.473057971481,-0.276721584925079,0.172935190528238,1.27471744483748,0.518760316510007,"2019","F.B"
903,1,1,4,1,1,-0.392865409329107,"NC","McAllister's","Back","F","A",-1.33131785342619,"0","N",-0.00554578336912913,0.603055518329908,-1.40710194105557,1.76655000629226,1.473057971481,-0.276721584925079,0.172935190528238,1.27471744483748,-2.33340399339467,"2019","F.B"
904,1,30,30,0,1,-0.392865409329107,"NC","McAllister's","Neck","F","J",-1.04177653397564,"0","N",0.243644424179924,0,0.70781491580371,-0.563792555199657,1.473057971481,-0.276721584925079,0.172935190528238,1.27471744483748,0.649315478214886,"2020","F.N"
904,1,30,30,0,1,-0.392865409329107,"NC","McAllister's","Neck","F","J",-1.04177653397564,"0","N",0.243644424179924,0,0.70781491580371,-0.563792555199657,1.473057971481,-0.276721584925079,0.172935190528238,1.27471744483748,0.649315478214886,"2019","F.N"
904,1,30,30,0,1,-0.392865409329107,"NC","McAllister's","Neck","F","J",-1.04177653397564,"0","N",0.243644424179924,0,0.70781491580371,-0.563792555199657,-0.677106038780066,-1.13541433188021,3.59747593371208,-0.538703626416813,0.649315478214886,"2020","F.N"
904,1,30,30,0,1,-0.392865409329107,"NC","McAllister's","Neck","F","J",-1.04177653397564,"0","N",0.243644424179924,0,0.70781491580371,-0.563792555199657,-0.677106038780066,-1.13541433188021,3.59747593371208,-0.538703626416813,0.649315478214886,"2019","F.N"
905,1,30,30,0,1,-0.392865409329107,"NC","McAllister's","Neck","F","J",-0.752235214525087,"0","N",0.358655289202564,0,0.70781491580371,-0.563792555199657,1.473057971481,-0.276721584925079,0.172935190528238,1.27471744483748,0.762600313784672,"2019","F.N"
906,1,30,30,0,1,-0.392865409329107,"NC","McAllister's","Neck","F","A",-0.317923235349261,"0","N",0.531171586736524,0.603055518329908,0.70781491580371,1.76655000629226,1.473057971481,-0.276721584925079,0.172935190528238,1.27471744483748,0.185565910865631,"2019","F.N"
907,1,1,4,1,1,-0.392865409329107,"NC","McAllister's","Back","F","J",-0.607464554799812,"0","N",0.742024839278031,0,0.70781491580371,-0.563792555199657,1.473057971481,-0.276721584925079,0.172935190528238,1.27471744483748,0.65597557927987,"2019","F.B"
911,1,30,30,0,1,-0.300833049551085,"WMD 26","Monroe (Doak)","Neck","F","A",-0.173152575623985,"0","N",0.607845496751618,0,-1.40710194105557,-0.563792555199657,-0.146721168903955,-0.825502940046081,-0.381117232698385,1.64945686024798,-0.573922534462279,"2019","F.N"
925,1,30,30,0,1,0.159328749339027,"WMD 23","Monroe (Cunningham)","Neck","F","A",-0.317923235349261,"0","N",-0.408083810948369,0,0.70781491580371,-0.563792555199657,-1.66835207425295,-0.448849868943541,-0.381117232698385,0.592263709656122,-0.139739003699716,"2019","F.N"
931,1,1,3,1,1,0.987619987341228,"WMD 26","Winterport (Hodgman)","Back","F","J",-1.04177653397564,"0","N",-1.28983377612194,0,-1.40710194105557,-0.563792555199657,-0.911895404915328,0.807592129008387,-0.381117232698385,-0.286195618642902,-1.95988548338513,"2019","F.B"
932,1,30,30,0,1,0.987619987341228,"WMD 26","Winterport (Hodgman)","Neck","F","J",-0.607464554799812,"0","N",-1.09814900108421,0,-1.40710194105557,-0.563792555199657,-0.911895404915328,0.807592129008387,-0.381117232698385,-0.286195618642902,0.659049054314985,"2019","F.N"
935,1,30,30,0,1,0.987619987341228,"WMD 26","Winterport (Hodgman)","Back","F","A",-0.607464554799812,"0","N",-0.484757720963463,0,0,0,-0.911895404915328,0.807592129008387,-0.381117232698385,-0.286195618642902,-0.577714058827825,"2019","F.B"
1005,1,6,8,1,1,1.49379796612035,"S","Fernald Farm (Poland)","Back","F","A",-0.462693895074536,"0","N",-1.50068702866345,0,0.70781491580371,-0.563792555199657,0.808520745675368,1.2794878780678,-0.381117232698385,0.293371356140511,-1.3362804616452,"2019","F.B"
1006,1,30,30,0,1,1.49379796612035,"S","Fernald Farm (Poland)","Back","F","A",0.550700723002392,"0","N",-1.32817073112949,0,0.70781491580371,-0.563792555199657,0.808520745675368,1.2794878780678,-0.381117232698385,0.293371356140511,0.203086528876925,"2019","F.B"
1007,1,30,30,0,1,1.49379796612035,"S","Fernald Farm (Poland)","Back","F","J",-1.04177653397564,"0","N",-1.11731747858798,0,-1.40710194105557,1.76655000629226,0.808520745675368,1.2794878780678,-0.381117232698385,0.293371356140511,0.000447284937426516,"2019","F.B"
1008,1,30,30,0,1,1.49379796612035,"S","Fernald Farm (Poland)","Back","F","A",0.116388743826566,"0","N",-0.944801181054023,0,0.70781491580371,1.76655000629226,0.808520745675368,1.2794878780678,-0.381117232698385,0.293371356140511,-0.130107876767451,"2019","F.B"
1009,1,30,30,0,1,1.49379796612035,"S","Fernald Farm (Poland)","Back","F","A",-0.02838191589871,"0","N",-0.695610973504969,0,0.70781491580371,-0.563792555199657,0.808520745675368,1.2794878780678,-0.381117232698385,0.293371356140511,0.303051162316742,"2019","F.B"
1251,1,30,30,0,1,-1.81936698588845,"NC","Davis Oil","Neck","M","A",2.43271929943097,"0","N",-0.216399035910636,0.603055518329908,0.70781491580371,-0.563792555199657,-0.0405459756165494,0.417808779538602,-0.381117232698385,0.493241370035805,2.43885993686409,"2020","M.N"
1301,1,30,30,0,1,0.573474368340127,"NE","Bradbury","Neck","M","J",0.261159403551841,"1","N",0.703687884270484,0,-1.40710194105557,-0.563792555199657,-0.1088666022664,0.41436499375119,-0.381117232698385,-0.723883701173499,0.0557725510362013,"2020","M.N"
1302,1,30,30,0,1,0.573474368340127,"NE","Bradbury","Neck","M","A",2.72226061888152,"0","N",0.703687884270484,0.603055518329908,0.70781491580371,-0.563792555199657,-0.1088666022664,0.41436499375119,-0.381117232698385,-0.723883701173499,2.5574721291614,"2020","M.N"
1501,1,30,30,0,1,0.66550672811815,"S","Buckfield","Back","F","A",0.116388743826566,"0","N",0.991215046827085,0.603055518329908,0.70781491580371,-0.563792555199657,-0.470871530521474,0.941614926553101,-0.381117232698385,-0.718774490427155,-0.421092320107349,"2020","F.B"
1502,1,30,30,0,1,0.66550672811815,"S","Buckfield","Back","F","A",-0.317923235349261,"1","N",0.991215046827085,0.603055518329908,-1.40710194105557,-0.563792555199657,-0.470871530521474,0.941614926553101,-0.381117232698385,-0.718774490427155,-0.819593586667601,"2020","F.B"
1521,1,30,30,0,1,1.03363616723024,"NE","Roger's Farm","Back","F","A",0.116388743826566,"1","N",0.224475946676151,0,0.70781491580371,-0.563792555199657,1.69539639187754,1.48859209403874,-0.381117232698385,0.253718684536358,0.559330186973523,"2020","F.B"
1522,1,30,30,0,1,1.03363616723024,"NE","Roger's Farm","Back","F","A",-0.317923235349261,"0","N",0.224475946676151,0.603055518329908,0.70781491580371,-0.563792555199657,1.69539639187754,1.48859209403874,-0.381117232698385,0.253718684536358,-1.27592201973605,"2020","F.B"
1523,1,30,30,0,1,1.03363616723024,"NE","Roger's Farm","Back","F","A",-0.173152575623985,"0","N",0.224475946676151,0.603055518329908,0.70781491580371,-0.563792555199657,1.69539639187754,1.48859209403874,-0.381117232698385,0.253718684536358,-0.925398727829707,"2020","F.B"
1524,1,30,30,0,1,1.03363616723024,"NE","Roger's Farm","Back","F","A",-0.173152575623985,"1","N",0.224475946676151,0,-1.40710194105557,1.76655000629226,1.69539639187754,1.48859209403874,-0.381117232698385,0.253718684536358,-0.794785005997949,"2020","F.B"
1551,1,30,30,0,1,-1.81936698588845,"NC","Davis Oil","Neck","F","J",-0.317923235349261,"1","N",-0.216399035910636,0,-1.40710194105557,-0.563792555199657,-0.0405459756165494,0.417808779538602,-0.381117232698385,0.493241370035805,0.803478436907271,"2020","F.N"
1552,1,30,30,0,1,-1.81936698588845,"NC","Davis Oil","Back","F","A",-0.317923235349261,"0","N",-0.216399035910636,0,0.70781491580371,-0.563792555199657,-0.0405459756165494,0.417808779538602,-0.381117232698385,0.493241370035805,0.219783932923243,"2020","F.B"
1553,1,30,30,0,1,-1.81936698588845,"NC","Davis Oil","Back","F","A",-0.02838191589871,"1","N",-0.216399035910636,0,0.70781491580371,1.76655000629226,-0.0405459756165494,0.417808779538602,-0.381117232698385,0.493241370035805,0.33306876849303,"2020","F.B"
1554,1,30,30,0,1,-1.81936698588845,"NC","Davis Oil","Back","F","A",-0.173152575623985,"1","N",0.454497676721431,0.603055518329908,0.70781491580371,-0.563792555199657,-0.0405459756165494,0.417808779538602,-0.381117232698385,0.493241370035805,0.439693502997832,"2020","F.B"
1555,1,30,30,0,1,-1.81936698588845,"NC","Davis Oil","Neck","F","J",-0.173152575623985,"1","N",0.454497676721431,0.603055518329908,-1.40710194105557,1.76655000629226,-0.0405459756165494,0.417808779538602,-0.381117232698385,0.493241370035805,0.696853702402467,"2020","F.N"
1556,1,30,30,0,1,-1.81936698588845,"NC","Davis Oil","Back","F","J",-0.317923235349261,"1","N",0.454497676721431,0,0.70781491580371,1.76655000629226,-0.0405459756165494,0.417808779538602,-0.381117232698385,0.493241370035805,1.13001274148666,"2020","F.B"
1557,1,30,30,0,1,-1.81936698588845,"NC","Davis Oil","Back","F","A",-0.02838191589871,"0","N",1.1253943893535,0,0.70781491580371,1.76655000629226,-0.0405459756165494,0.417808779538602,-0.381117232698385,0.493241370035805,0.00653446391363913,"2020","F.B"
1558,1,30,30,0,1,-1.81936698588845,"NC","Davis Oil","Back","F","A",-0.173152575623985,"1","N",1.1253943893535,0.603055518329908,0.70781491580371,1.76655000629226,-0.0405459756165494,0.417808779538602,-0.381117232698385,0.493241370035805,-2.17258093363729,"2020","F.B"
1559,1,30,30,0,1,-1.81936698588845,"NC","Davis Oil","Back","F","A",0.116388743826566,"1","N",1.1253943893535,-1.64835175010175,0.70781491580371,1.76655000629226,-0.0405459756165494,0.417808779538602,-0.381117232698385,0.493241370035805,0.226444033988228,"2020","F.B"
1560,1,30,30,0,1,-1.81936698588845,"NC","Davis Oil","Back","F","A",-0.173152575623985,"0","N",1.29791068688746,0.603055518329908,-1.40710194105557,1.76655000629226,-0.0405459756165494,0.417808779538602,-0.381117232698385,0.493241370035805,0.766227807577223,"2020","F.B"
1561,1,30,30,0,1,0.113312569450016,"NC","McAllister's","Back","F","A",-0.607464554799812,"0","N",1.75795414697802,-1.64835175010175,0.70781491580371,1.76655000629226,-0.677106038780066,-1.13541433188021,3.59747593371208,-0.538703626416813,-0.215732342176772,"2020","F.B"
1562,1,30,30,0,1,0.113312569450016,"NC","McAllister's","Back","F","A",-0.607464554799812,"0","N",1.75795414697802,0.603055518329908,-1.40710194105557,1.76655000629226,-0.677106038780066,-1.13541433188021,3.59747593371208,-0.538703626416813,-1.71779014324197,"2020","F.B"
1563,1,30,30,0,1,0.113312569450016,"NC","McAllister's","Back","F","A",-0.02838191589871,"1","N",1.75795414697802,-1.64835175010175,0.70781491580371,1.76655000629226,-0.677106038780066,-1.13541433188021,3.59747593371208,-0.538703626416813,0.337371633542191,"2020","F.B"
1564,1,30,30,0,1,0.113312569450016,"NC","McAllister's","Back","F","A",-0.462693895074536,"1","N",1.75795414697802,0,0.70781491580371,1.76655000629226,-0.677106038780066,-1.13541433188021,3.59747593371208,-0.538703626416813,-0.648891381260968,"2020","F.B"
1614,1,30,30,0,1,0.573474368340127,"NE","Bradbury","Neck","F","A",-0.462693895074536,"0","N",-1.07898052358044,-1.64835175010175,0.70781491580371,1.76655000629226,-0.1088666022664,0.41436499375119,-0.381117232698385,-0.723883701173499,-0.647866889582596,"2020","F.N"
1615,1,30,30,0,1,0.573474368340127,"NE","Bradbury","Back","F","A",-0.462693895074536,"0","N",0.703687884270484,-1.64835175010175,-1.40710194105557,1.76655000629226,-0.1088666022664,0.41436499375119,-0.381117232698385,-0.723883701173499,-0.647866889582596,"2020","F.B"
1616,1,30,30,0,1,0.573474368340127,"NE","Bradbury","Back","F","A",-1.18654719370091,"0","N",0.703687884270484,-1.64835175010175,0.70781491580371,1.76655000629226,-0.1088666022664,0.41436499375119,-0.381117232698385,-0.723883701173499,-1.42088043537615,"2020","F.B"
1618,1,30,30,0,1,0.573474368340127,"NE","Bradbury","Back","F","A",-0.462693895074536,"0","N",0.703687884270484,0.603055518329908,0.70781491580371,-0.563792555199657,-0.1088666022664,0.41436499375119,-0.381117232698385,-0.723883701173499,0.00520171957618647,"2020","F.B"
1620,1,30,30,0,1,1.07965234711925,"WMD 14","Monson","Neck","F","A",-0.173152575623985,"0","N",2.42885085961008,0,-1.40710194105557,1.76655000629226,1.55091569536,0.589421151435275,-0.299865511700173,0.0202312611583407,0.119613495992182,"2020","F.N"
1621,1,30,30,0,1,1.07965234711925,"WMD 14","Monson","Back","F","A",-0.462693895074536,"0","N",2.42885085961008,0,0.70781491580371,1.76655000629226,1.55091569536,0.589421151435275,-0.299865511700173,0.0202312611583407,-0.646739948736386,"2020","F.B"
1622,1,30,30,0,1,1.07965234711925,"WMD 14","Monson","Back","F","A",-0.173152575623985,"0","N",2.42885085961008,0,-1.40710194105557,-0.563792555199657,1.55091569536,0.589421151435275,-0.299865511700173,0.0202312611583407,0.446147800571573,"2020","F.B"
1623,1,30,30,0,1,1.07965234711925,"WMD 14","Monson","Back","F","A",-0.173152575623985,"0","N",2.42885085961008,0,0.70781491580371,-0.563792555199657,1.55091569536,0.589421151435275,-0.299865511700173,0.0202312611583407,0.119613495992182,"2020","F.B"
1624,1,30,30,0,1,1.07965234711925,"WMD 14","Monson","Back","F","A",-0.317923235349261,"0","N",3.57895950983649,0,0.70781491580371,-0.563792555199657,1.55091569536,0.589421151435275,-0.299865511700173,0.0202312611583407,-0.75336468324119,"2020","F.B"
1625,1,30,30,0,1,1.07965234711925,"WMD 14","Monson","Neck","F","A",-0.317923235349261,"0","N",3.57895950983649,0,0.70781491580371,-0.563792555199657,1.55091569536,0.589421151435275,-0.299865511700173,0.0202312611583407,0.226238230496984,"2020","F.N"
1626,1,30,30,0,1,1.07965234711925,"WMD 14","Monson","Back","F","A",-0.462693895074536,"0","N",3.57895950983649,0,-1.40710194105557,-0.563792555199657,1.55091569536,0.589421151435275,-0.299865511700173,0.0202312611583407,0.332862965001787,"2020","F.B"
1627,1,30,30,0,1,1.07965234711925,"WMD 14","Monson","Neck","F","A",-0.752235214525087,"0","N",3.57895950983649,0,0.70781491580371,-0.563792555199657,1.55091569536,0.589421151435275,-0.299865511700173,0.0202312611583407,-0.106956175147391,"2020","F.N"
1628,1,30,30,0,1,1.07965234711925,"WMD 14","Monson","Back","F","A",-0.173152575623985,"0","N",3.57895950983649,0,-1.40710194105557,-0.563792555199657,1.55091569536,0.589421151435275,-0.299865511700173,0.0202312611583407,-0.206920808587208,"2020","F.B"
10352,1,30,30,0,1,-0.622946308774163,"NW","Maple Lane","Back","F","A",-0.02838191589871,"0","Y",0.0227544580956614,-1.64835175010175,-1.40710194105557,-0.563792555199657,-1.85412813621974,-1.87919011264802,0.0474780994093693,1.81466981479485,0.195637693419791,"2018","F.B"
10353,1,30,30,0,1,-0.622946308774163,"NW","Maple Lane","Back","F","A",-0.02838191589871,"0","Y",0.0227544580956614,0.603055518329908,0.70781491580371,-0.563792555199657,-1.85412813621974,-1.87919011264802,0.0474780994093693,1.81466981479485,1.17524060715797,"2018","F.B"
10354,1,1,7,1,1,-0.622946308774163,"NW","Maple Lane","Back","F","J",-0.462693895074536,"0","Y",0.0227544580956614,0.603055518329908,-1.40710194105557,-0.563792555199657,-1.85412813621974,-1.87919011264802,0.0474780994093693,1.81466981479485,1.1645132618341,"2018","F.B"
10361,1,30,30,0,1,-0.622946308774163,"NW","Maple Lane","Back","F","A",-0.317923235349261,"0","Y",0.0227544580956614,0.603055518329908,0.70781491580371,-0.563792555199657,-1.85412813621974,-1.87919011264802,0.0474780994093693,1.81466981479485,1.71502438074696,"2018","F.B"
10362,1,20,25,1,1,-0.622946308774163,"NW","Maple Lane","Back","F","A",-0.607464554799812,"0","Y",0.0227544580956614,0.603055518329908,0.70781491580371,-0.563792555199657,-1.85412813621974,-1.87919011264802,0.0474780994093693,1.81466981479485,-0.030931977719783,"2018","F.B"
10363,1,20,25,1,1,-0.622946308774163,"NW","Maple Lane","Back","F","J",-0.752235214525087,"0","Y",0.0227544580956614,0.603055518329908,0.70781491580371,-0.563792555199657,-1.85412813621974,-1.87919011264802,0.0474780994093693,1.81466981479485,-0.0589882093056154,"2018","F.B"
10364,1,30,30,0,1,-0.622946308774163,"NW","Maple Lane","Back","F","A",-0.02838191589871,"0","Y",0.0227544580956614,0.603055518329908,-1.40710194105557,-0.563792555199657,-1.85412813621974,-1.87919011264802,0.0474780994093693,1.81466981479485,0.260944554335669,"2018","F.B"
10365,1,13,20,1,1,-0.622946308774163,"NW","Maple Lane","Back","F","A",0.116388743826566,"0","Y",0.0227544580956614,0.603055518329908,0.70781491580371,-0.563792555199657,-1.85412813621974,-1.87919011264802,0.0474780994093693,1.81466981479485,1.46045703814843,"2018","F.B"
10366,1,30,30,0,1,-0.622946308774163,"NW","Maple Lane","Back","F","A",-0.607464554799812,"0","Y",0.0227544580956614,0.603055518329908,0.70781491580371,-0.563792555199657,-1.85412813621974,-1.87919011264802,0.0474780994093693,1.81466981479485,0.752750353270755,"2018","F.B"
10367,1,30,30,0,1,-0.622946308774163,"NW","Maple Lane","Back","F","J",-0.317923235349261,"0","Y",0.0227544580956614,0.603055518329908,0.70781491580371,-0.563792555199657,-1.85412813621974,-1.87919011264802,0.0474780994093693,1.81466981479485,3.67016296396443,"2018","F.B"
10369,1,30,30,0,1,-0.48489776910713,"S","Laskey (Grey)","Back","F","A",-0.02838191589871,"0","Y",0.0227544580956614,0.603055518329908,0.70781491580371,1.76655000629226,0.0429772738469316,-0.00387157117780197,-0.381117232698385,1.40483035479613,0.914320510997962,"2018","F.B"
10371,1,30,30,0,1,-0.48489776910713,"S","Laskey (Grey)","Back","F","A",-0.02838191589871,"0","Y",0.0227544580956614,0.603055518329908,0.70781491580371,-0.563792555199657,0.0429772738469316,-0.00387157117780197,-0.381117232698385,1.40483035479613,0.587786206418571,"2018","F.B"
10372,1,30,30,0,1,-0.48489776910713,"S","Laskey (Grey)","Back","F","A",-0.173152575623985,"0","Y",0.0227544580956614,0.603055518329908,-1.40710194105557,-0.563792555199657,0.0429772738469316,-0.00387157117780197,-0.381117232698385,1.40483035479613,0.0413423317645911,"2018","F.B"
10376,1,30,30,0,1,-0.622946308774163,"NW","Maple Lane","Back","F","A",-0.173152575623985,"0","Y",0.0227544580956614,-1.64835175010175,0.70781491580371,-0.563792555199657,-1.85412813621974,-1.87919011264802,0.0474780994093693,1.81466981479485,-0.350806181234189,"2018","F.B"
10383,1,30,30,0,1,-0.622946308774163,"NW","Maple Lane","Back","F","J",-0.752235214525087,"0","Y",0.0227544580956614,0.603055518329908,-1.40710194105557,-0.563792555199657,-1.85412813621974,-1.87919011264802,0.0474780994093693,1.81466981479485,0.202239234357897,"2018","F.B"
